Date,CBA.AX,WOW.AX,BHP.AX,CSL.AX
2022-01-04,87.16236877441406,33.571617126464844,28.351421356201172,275.89801025390625
2022-01-05,87.74905395507812,33.03928756713867,28.51866340637207,270.8739318847656
2022-01-06,85.00264739990234,32.664039611816406,28.55211067199707,260.9934387207031
2022-01-07,87.28140258789062,32.60294723510742,29.254547119140625,263.23052978515625
2022-01-10,87.85108947753906,32.37605667114258,29.956974029541016,260.9934387207031
2022-01-11,86.52465057373047,31.7041015625,29.870010375976562,259.0732116699219
2022-01-12,86.37159729003906,31.468481063842773,30.18443489074707,263.9109191894531
2022-01-13,86.83074951171875,31.451026916503906,31.341773986816406,262.57806396484375
2022-01-14,85.75088500976562,30.55217170715332,31.228044509887695,257.26495361328125
2022-01-17,86.01448059082031,30.936153411865234,30.873483657836914,259.2223815917969
2022-01-18,85.69987487792969,30.78780174255371,31.241418838500977,255.13970947265625
2022-01-19,84.45848083496094,30.892520904541016,31.14776039123535,252.0450897216797
2022-01-20,83.84626770019531,30.613264083862305,32.11778259277344,252.8373565673828
2022-01-21,82.79192352294922,30.325286865234375,30.572431564331055,246.564208984375
2022-01-24,82.8514404296875,30.560903549194336,30.505535125732422,244.74658203125
2022-01-25,81.15937042236328,30.028579711914062,30.12421989440918,240.8130340576172
2022-01-27,79.7394027709961,29.40898323059082,30.552370071411133,232.49853515625
2022-01-28,81.34644317626953,30.44745635986328,31.388595581054688,240.03004455566406
2022-01-31,79.70539855957031,30.037303924560547,31.00727081298828,242.67724609375
2022-02-01,79.86695861816406,30.168203353881836,30.05731964111328,243.79576110839844
2022-02-02,80.55567932128906,30.342737197875977,30.532299041748047,244.60678100585938
2022-02-03,79.45030975341797,30.325286865234375,31.475563049316406,239.98342895507812
2022-02-04,80.01148986816406,30.587081909179688,31.31500816345215,241.22315979003906
2022-02-07,79.92646789550781,29.984943389892578,31.703020095825195,237.32688903808594
2022-02-08,80.18154907226562,29.513696670532227,32.88042449951172,239.5360565185547
2022-02-09,84.6540298461914,30.028579711914062,32.325172424316406,238.25901794433594
2022-02-10,85.69137573242188,29.819135665893555,32.29840850830078,236.48802185058594
2022-02-11,83.79524993896484,29.47006607055664,32.68642044067383,231.6316680908203
2022-02-14,85.06217193603516,29.59223747253418,32.33185958862305,227.02699279785156
2022-02-15,84.5945053100586,29.923860549926758,32.23151397705078,226.50498962402344
2022-02-16,85.31287384033203,30.1507511138916,31.662883758544922,245.79055786132812
2022-02-17,85.52059936523438,30.0809383392334,32.091026306152344,258.19708251953125
2022-02-18,84.60315704345703,29.679506301879883,32.08433532714844,247.5429229736328
2022-02-21,84.8974380493164,30.098392486572266,32.27165222167969,245.6507568359375
2022-02-22,83.1231460571289,30.717987060546875,31.983991622924805,248.85723876953125
2022-02-23,83.68574523925781,31.13686752319336,32.1779899597168,250.63758850097656
2022-02-24,81.97203063964844,31.145593643188477,31.47951889038086,246.81585693359375
2022-02-25,81.25364685058594,31.20667839050293,31.423269271850586,243.5907440185547
2022-02-28,80.89015197753906,30.9710636138916,32.80845642089844,242.3323974609375
2022-03-01,82.06723022460938,30.80525016784668,32.731109619140625,243.3763427734375
2022-03-02,81.96337890625,30.752897262573242,33.97566604614258,243.0501251220703
2022-03-03,81.79893493652344,30.099885940551758,35.19913101196289,240.020751953125
2022-03-04,81.87682342529297,30.717594146728516,35.11474609375,240.76641845703125
2022-03-07,81.91143798828125,30.514638900756836,35.424129486083984,234.00196838378906
2022-03-08,82.73367309570312,31.53826332092285,34.123321533203125,240.55357360839844
2022-03-09,84.30890655517578,31.591201782226562,34.095191955566406,240.8816375732422
2022-03-10,86.32552337646484,31.55590057373047,33.57487487792969,246.5053253173828
2022-03-11,86.0139389038086,31.13233757019043,33.53268051147461,240.44110107421875
2022-03-14,88.28157043457031,31.41472053527832,33.3006477355957,246.75836181640625
2022-03-15,89.82215881347656,31.3441219329834,31.901405334472656,247.2270050048828
2022-03-16,90.67035675048828,32.29715347290039,31.767812728881836,251.66973876953125
2022-03-17,91.87342071533203,32.05889892578125,32.119384765625,253.61932373046875
2022-03-18,91.99457550048828,31.82063865661621,32.52016830444336,253.96604919433594
2022-03-21,91.48393249511719,31.626506805419922,32.660789489746094,250.226318359375
2022-03-22,91.80416870117188,31.68827247619629,34.327232360839844,248.71730041503906
2022-03-23,92.9985580444336,31.84711265563965,34.06003952026367,250.74183654785156
2022-03-24,92.91202545166016,32.13831329345703,34.66474151611328,250.62933349609375
2022-03-25,91.67435455322266,31.997127532958984,34.995208740234375,248.20179748535156
2022-03-28,91.86475372314453,32.2265625,35.8038215637207,245.43678283691406
2022-03-29,92.06382751464844,32.52658462524414,35.59288787841797,248.9422607421875
2022-03-30,92.669677734375,32.72955322265625,35.564762115478516,253.11312866210938
2022-03-31,91.54450988769531,32.87956237792969,36.387428283691406,251.33233642578125
2022-04-01,90.47129821777344,32.85308837890625,36.837440490722656,249.57960510253906
2022-04-04,89.7702407836914,32.57071304321289,36.886661529541016,250.90118408203125
2022-04-05,90.32416534423828,32.77366638183594,36.52805709838867,251.6884765625
2022-04-06,91.4925765991211,32.94133377075195,36.14836120605469,250.76058959960938
2022-04-07,91.08580017089844,33.135475158691406,35.90929412841797,249.86082458496094
2022-04-08,91.20697021484375,33.3825569152832,36.521026611328125,249.05471801757812
2022-04-11,92.50524139404297,33.72669982910156,36.33821105957031,248.8203887939453
2022-04-12,92.35809326171875,33.63845443725586,36.3663330078125,245.5399169921875
2022-04-13,92.21961212158203,33.76199722290039,36.40852355957031,246.4678192138672
2022-04-14,92.17633819580078,33.956138610839844,36.91477966308594,248.33302307128906
2022-04-19,92.61773681640625,34.070858001708984,37.38589096069336,245.89608764648438
2022-04-20,92.81681823730469,34.4591178894043,36.77415466308594,247.9112548828125
2022-04-21,93.77751922607422,34.829742431640625,35.64913558959961,250.2357177734375
2022-04-22,91.19832611083984,34.69738006591797,34.095191955566406,253.87232971191406
2022-04-26,90.66170501708984,34.30028533935547,32.105316162109375,252.44769287109375
2022-04-27,89.14706420898438,33.43549346923828,32.35141372680664,249.21405029296875
2022-04-28,89.34613800048828,33.647281646728516,33.76472473144531,251.97906494140625
2022-04-29,89.9087142944336,33.982608795166016,33.757694244384766,256.1593322753906
2022-05-02,89.12110137939453,33.797298431396484,33.73659896850586,253.4880828857422
2022-05-03,88.50659942626953,33.92082977294922,33.511592864990234,255.7563018798828
2022-05-04,89.12975311279297,33.594337463378906,33.32877731323242,257.5184326171875
2022-05-05,89.76158905029297,33.65610885620117,33.36393356323242,258.92431640625
2022-05-06,88.62776947021484,33.6649284362793,32.906890869140625,251.3417205810547
2022-05-09,88.8528060913086,33.850242614746094,32.492042541503906,253.44122314453125
2022-05-10,88.02190399169922,33.31195831298828,31.655303955078125,253.67547607421875
2022-05-11,87.85747528076172,33.31195831298828,32.105316162109375,258.89617919921875
2022-05-12,88.41139221191406,32.8354377746582,31.60608673095703,254.17230224609375
2022-05-13,88.52391052246094,33.21488952636719,32.23188018798828,262.6265563964844
2022-05-16,89.43269348144531,33.05604934692383,31.859220504760742,259.8615417480469
2022-05-17,90.98194885253906,33.25019454956055,32.035003662109375,256.8810729980469
2022-05-18,90.7049789428711,32.88838577270508,33.0545539855957,255.96249389648438
2022-05-19,89.8394775390625,31.04409408569336,32.506103515625,256.8154296875
2022-05-20,90.53186798095703,31.194107055664062,33.17409133911133,257.91204833984375
2022-05-23,90.44532012939453,30.59404945373535,33.631126403808594,256.01873779296875
2022-05-24,90.95598602294922,30.38227081298828,33.61003494262695,256.9560241699219
2022-05-25,91.8907241821289,30.947031021118164,33.972110748291016,256.4405212402344
2022-05-26,91.250244140625,30.1528377532959,33.65623474121094,252.9632110595703
2022-05-27,92.28885650634766,30.1528377532959,34.48540115356445,252.1477508544922
2022-05-30,92.228271484375,30.823490142822266,35.46460723876953,256.8154296875
2022-05-31,90.32416534423828,30.576404571533203,35.22770690917969,254.78150939941406
2022-06-01,92.35809326171875,31.035268783569336,36.048973083496094,256.3468017578125
2022-06-02,91.25890350341797,30.558761596679688,36.01737976074219,251.77284240722656
2022-06-03,91.05118560791016,30.567575454711914,36.92552185058594,252.1289825439453
2022-06-06,90.60112762451172,30.708770751953125,36.59385299682617,253.87232971191406
2022-06-07,88.24694061279297,30.108713150024414,36.5622673034668,250.8917999267578
2022-06-08,84.36082458496094,30.41756820678711,37.4072265625,253.90985107421875
2022-06-09,82.17974090576172,30.452863693237305,36.51488494873047,254.65029907226562
2022-06-10,81.16710662841797,30.294023513793945,36.49909591674805,254.35972595214844
2022-06-14,78.9341049194336,29.85280990600586,34.95131301879883,247.48944091796875
2022-06-15,78.43212127685547,29.385114669799805,34.66702651977539,244.52767944335938
2022-06-16,78.30228424072266,29.10273551940918,34.75389099121094,242.45626831054688
2022-06-17,75.52400207519531,29.17333221435547,33.5772705078125,239.93496704101562
2022-06-20,75.77500915527344,29.01449203491211,31.79258918762207,246.53343200683594
2022-06-21,77.6098861694336,29.77338981628418,32.337467193603516,243.69345092773438
2022-06-22,77.52333068847656,30.33814811706543,32.40064239501953,245.3430938720703
2022-06-23,77.67911529541016,30.894081115722656,31.98210906982422,250.7230682373047
2022-06-24,78.03397369384766,31.291179656982422,31.603069305419922,254.23788452148438
2022-06-27,81.13249206542969,31.829463958740234,32.534889221191406,255.8781280517578
2022-06-28,80.95939636230469,31.900060653686523,33.940521240234375,256.8435363769531
2022-06-29,80.49201965332031,31.83829116821289,33.766788482666016,252.86947631835938
2022-06-30,78.22439575195312,31.41472053527832,32.574378967285156,252.1852569580078
2022-07-01,78.50135040283203,31.52943992614746,31.626754760742188,252.34463500976562
2022-07-04,79.15047454833984,31.705921173095703,31.508302688598633,257.5652160644531
2022-07-05,78.96006774902344,31.679454803466797,31.587270736694336,261.4455871582031
2022-07-06,79.62651824951172,32.4736442565918,29.818384170532227,268.1846618652344
2022-07-07,80.5612564086914,32.588356018066406,30.75020408630371,269.0000915527344
2022-07-08,80.13715362548828,32.500118255615234,30.971323013305664,269.3281555175781
2022-07-11,80.10255432128906,32.13831329345703,30.007904052734375,269.92803955078125
2022-07-12,81.03727722167969,32.79132080078125,29.58147430419922,274.3332214355469
2022-07-13,81.90278625488281,32.79132080078125,29.155052185058594,275.3829650878906
2022-07-14,80.68243408203125,32.79132080078125,29.534099578857422,277.62310791015625
2022-07-15,80.7257080078125,33.10017395019531,28.50751495361328,280.4817810058594
2022-07-18,81.56524658203125,33.020751953125,29.194536209106445,278.05426025390625
2022-07-19,82.17974090576172,32.6854248046875,28.910247802734375,272.4305114746094
2022-07-20,83.1058349609375,32.77366638183594,29.305091857910156,272.9648132324219
2022-07-21,84.49064636230469,33.091346740722656,29.052396774291992,276.7232666015625
2022-07-22,84.64645385742188,32.87073516845703,29.020801544189453,275.06427001953125
2022-07-25,84.01461791992188,33.05604934692383,29.494611740112305,272.74920654296875
2022-07-26,83.72035217285156,32.632476806640625,30.22112274169922,268.7657470703125
2022-07-27,85.59850311279297,32.85308837890625,29.628862380981445,273.5271911621094
2022-07-28,86.4553451538086,33.03839874267578,30.26060676574707,273.1241455078125
2022-07-29,87.21699523925781,33.1089973449707,30.544893264770508,271.6619873046875
2022-08-01,87.48529815673828,33.682579040527344,30.876556396484375,276.4140625
2022-08-02,88.25559997558594,34.0620231628418,30.465919494628906,278.2323303222656
2022-08-03,86.95734405517578,33.62080764770508,30.489614486694336,278.13861083984375
2022-08-04,88.10847473144531,33.259010314941406,30.142148971557617,276.11407470703125
2022-08-05,87.77091979980469,33.89436721801758,30.647552490234375,278.13861083984375
2022-08-08,88.80086517333984,33.73552703857422,30.892351150512695,277.0982360839844
2022-08-09,87.65840148925781,33.6649284362793,30.655447006225586,278.3448486328125
2022-08-10,87.41606140136719,33.56786346435547,30.244810104370117,274.0145568847656
2022-08-11,87.28622436523438,33.55021667480469,30.91604232788086,276.5921325683594
2022-08-12,86.8448257446289,33.576683044433594,30.66334342956543,274.48321533203125
2022-08-15,86.94867706298828,33.691402435302734,30.73440933227539,274.84869384765625
2022-08-16,87.81417846679688,34.070858001708984,31.990007400512695,277.81048583984375
2022-08-17,88.04397583007812,34.759151458740234,32.25849914550781,274.1551513671875
2022-08-18,89.25477600097656,34.67091369628906,32.49541091918945,280.4349365234375
2022-08-19,88.33563232421875,34.71502685546875,32.811275482177734,276.1890563964844
2022-08-22,87.46066284179688,34.441471099853516,32.65333938598633,277.0888671875
2022-08-23,85.74610137939453,33.45314025878906,32.740203857421875,271.6244812011719
2022-08-24,85.90518951416016,33.00310516357422,33.09556579589844,270.52789306640625
2022-08-25,86.4531478881836,31.944177627563477,33.31666946411133,271.64324951171875
2022-08-26,86.88619232177734,32.4383430480957,33.806278228759766,276.9670104980469
2022-08-29,85.09209442138672,32.235382080078125,33.31666946411133,275.7859802246094
2022-08-30,85.33071899414062,32.323631286621094,32.96921920776367,275.46734619140625
2022-08-31,86.1438217163086,32.314674377441406,32.06107711791992,275.1299743652344
2022-09-01,84.88882446289062,32.61014938354492,31.607601165771484,275.3642272949219
2022-09-02,85.68423461914062,32.86085891723633,30.95876693725586,277.42626953125
2022-09-05,85.29536437988281,33.07575988769531,31.944656372070312,276.3109436035156
2022-09-06,84.94184875488281,33.01308059692383,31.405364990234375,277.21453857421875
2022-09-07,83.16541290283203,32.601200103759766,30.562721252441406,276.6581726074219
2022-09-08,84.14641571044922,32.74446487426758,31.110441207885742,282.504150390625
2022-09-09,84.42924499511719,32.20723342895508,32.096336364746094,281.5895690917969
2022-09-12,85.09209442138672,32.135597229003906,33.208621978759766,279.3831481933594
2022-09-13,86.55919647216797,32.18932342529297,33.11593246459961,278.2517395019531
2022-09-14,83.48358917236328,31.544635772705078,32.52608871459961,273.093994140625
2022-09-15,84.01386260986328,31.33869743347168,32.6440544128418,271.1893005371094
2022-09-16,83.28031921386719,30.98053550720215,32.054203033447266,269.5109558105469
2022-09-19,83.66034698486328,31.043216705322266,31.860397338867188,266.82366943359375
2022-09-20,85.31304931640625,31.22229766845703,33.01481246948242,266.87078857421875
2022-09-21,84.35852813720703,30.87309455871582,31.98678970336914,265.0887451171875
2022-09-23,82.75885772705078,30.34481430053711,32.16373825073242,262.2600402832031
2022-09-26,82.73235321044922,31.07008171081543,30.50373649597168,268.5491943359375
2022-09-27,82.57328033447266,30.98053550720215,31.346384048461914,268.38897705078125
2022-09-28,81.78668975830078,30.855186462402344,31.388513565063477,266.2296447753906
2022-09-29,82.2992935180664,30.711923599243164,32.16373825073242,270.3689880371094
2022-09-30,80.1604995727539,30.39853286743164,32.45867156982422,268.7471618652344
2022-10-03,80.0809555053711,29.99561309814453,32.52608871459961,267.0876770019531
2022-10-04,83.77523803710938,30.434354782104492,33.7647705078125,270.9913024902344
2022-10-05,85.98472595214844,30.20155143737793,34.127105712890625,273.914306640625
2022-10-06,85.62236785888672,29.96875,34.346195220947266,273.6314697265625
2022-10-07,85.21582794189453,29.870258331298828,33.756343841552734,272.35858154296875
2022-10-10,83.92549133300781,29.789670944213867,33.7647705078125,267.04998779296875
2022-10-11,83.07703399658203,29.735946655273438,33.63837432861328,266.7104797363281
2022-10-12,85.10094451904297,29.49418830871582,33.318172454833984,263.73095703125
2022-10-13,86.72711944580078,29.467330932617188,33.056949615478516,260.6476745605469
2022-10-14,87.40765380859375,30.228410720825195,33.72264099121094,264.41925048828125
2022-10-17,86.69175720214844,29.655359268188477,32.9389762878418,261.0247497558594
2022-10-18,88.18539428710938,29.870258331298828,33.394004821777344,259.9593505859375
2022-10-19,88.8040542602539,29.950843811035156,33.07380676269531,261.1473693847656
2022-10-20,89.06034088134766,29.88816261291504,32.315425872802734,256.1311340332031
2022-10-21,87.74348449707031,29.4852352142334,32.07948303222656,252.2274627685547
2022-10-24,88.8040542602539,29.83443832397461,32.91370391845703,257.4605712890625
2022-10-25,89.95298767089844,29.88816261291504,32.44182205200195,260.2421569824219
2022-10-26,90.14742279052734,28.94800567626953,32.475528717041016,259.5915222167969
2022-10-27,90.51861572265625,29.15394401550293,33.25075912475586,260.1950378417969
2022-10-28,91.22566223144531,29.350927352905273,31.582319259643555,258.59210205078125
2022-10-31,92.51599884033203,29.565824508666992,31.48120880126953,264.4664306640625
2022-11-01,93.72681427001953,29.96875,32.37440490722656,267.0876770019531
2022-11-02,93.6561050415039,29.735946655273438,33.06537628173828,266.5690612792969
2022-11-03,92.3569107055664,28.697294235229492,32.00364303588867,262.4485778808594
2022-11-04,91.0754165649414,29.15394401550293,32.492374420166016,259.8650207519531
2022-11-07,91.10192108154297,29.37779426574707,34.110252380371094,261.3359680175781
2022-11-08,92.33924865722656,29.825489044189453,34.000709533691406,264.673828125
2022-11-09,92.59554290771484,29.72699546813965,34.70010757446289,263.64605712890625
2022-11-10,91.95037078857422,30.219457626342773,34.17766571044922,266.5879821777344
2022-11-11,93.51469421386719,30.702970504760742,35.46691131591797,275.6021728515625
2022-11-14,92.8871841430664,30.26422882080078,37.08478927612305,270.1898498535156
2022-11-15,94.10684204101562,30.246318817138672,37.02581024169922,274.1500549316406
2022-11-16,92.42761993408203,30.192598342895508,37.45555114746094,272.8771667480469
2022-11-17,93.36444854736328,30.828327178955078,36.9078369140625,276.58270263671875
2022-11-18,93.52352142333984,31.034269332885742,37.02581024169922,277.5916442871094
2022-11-21,94.19522094726562,31.33869743347168,36.19158935546875,280.0054931640625
2022-11-22,95.00830841064453,31.213340759277344,36.63819122314453,280.34490966796875
2022-11-23,95.51207733154297,31.38347053527832,37.008949279785156,280.7032775878906
2022-11-24,95.45905303955078,31.213340759277344,37.539817810058594,281.9290466308594
2022-11-25,96.51077270507812,31.410329818725586,37.24489212036133,282.60791015625
2022-11-28,95.87443542480469,31.329748153686523,36.983673095703125,283.1925048828125
2022-11-29,95.52974700927734,31.329748153686523,37.767333984375,285.30462646484375
2022-11-30,95.32647705078125,30.864147186279297,38.35718536376953,282.9756164550781
2022-12-01,95.82140350341797,30.98053550720215,39.1661262512207,281.6084289550781
2022-12-02,94.52220916748047,30.846233367919922,38.559417724609375,284.654052734375
2022-12-05,94.51338195800781,31.043216705322266,39.44419479370117,282.87188720703125
2022-12-06,94.07148742675781,31.132755279541016,39.23353576660156,283.6168518066406
2022-12-07,93.28490447998047,30.595523834228516,39.26723861694336,282.1081848144531
2022-12-08,93.10814666748047,30.72087860107422,38.95546340942383,280.5146789550781
2022-12-09,92.78114318847656,30.846233367919922,40.008766174316406,281.41986083984375
2022-12-12,93.14350128173828,30.44330406188965,39.427345275878906,281.1746826171875
2022-12-13,94.07148742675781,30.514942169189453,38.82906723022461,280.0809326171875
2022-12-14,94.49571228027344,30.702970504760742,39.02287673950195,282.2213134765625
2022-12-15,94.38965606689453,30.738788604736328,38.71109390258789,280.2035217285156
2022-12-16,93.66493225097656,30.72087860107422,38.48358154296875,275.0269470214844
2022-12-19,93.35559844970703,30.810413360595703,38.753231048583984,271.9436340332031
2022-12-20,93.09046936035156,30.577617645263672,38.138099670410156,269.5957946777344
2022-12-21,92.56019592285156,30.649246215820312,39.039730072021484,270.8970031738281
2022-12-22,93.34677124023438,30.81937026977539,38.972312927246094,274.1689147949219
2022-12-23,92.63972473144531,30.49703025817871,38.896480560302734,272.49993896484375
2022-12-28,91.11959838867188,30.479124069213867,39.208255767822266,269.2657165527344
2022-12-29,90.21812438964844,30.11201286315918,38.58469772338867,269.3883972167969
2022-12-30,90.67769622802734,30.049333572387695,38.44987487792969,271.33074951171875
2023-01-03,89.30781555175781,29.628501892089844,38.19708251953125,265.66387939453125
2023-01-04,91.15493774414062,29.718036651611328,38.79536056518555,267.7854309082031
2023-01-05,91.31404113769531,29.76280975341797,38.80378723144531,264.49468994140625
2023-01-06,91.19031524658203,29.744903564453125,40.0340461730957,262.39202880859375
2023-01-09,91.31404113769531,30.17469024658203,40.44694137573242,261.1850891113281
2023-01-10,91.31404113769531,30.11201286315918,40.278411865234375,259.8933410644531
2023-01-11,91.49962615966797,30.39853286743164,40.87668991088867,262.1940002441406
2023-01-12,92.95790100097656,30.649246215820312,41.60979080200195,265.34332275390625
2023-01-13,94.12451171875,30.30004119873047,41.828880310058594,266.82366943359375
2023-01-16,94.87574005126953,30.380624771118164,41.871009826660156,270.5387268066406
2023-01-17,94.95528411865234,31.123802185058594,41.40755844116211,273.97088623046875
2023-01-18,95.1408920288086,31.159618377685547,41.35700225830078,276.11126708984375
2023-01-19,96.10420989990234,31.276020050048828,41.86258316040039,278.3931579589844
2023-01-20,96.03352355957031,31.11484718322754,42.09009552001953,281.9478454589844
2023-01-23,95.98932647705078,31.17752456665039,41.62664794921875,281.33502197265625
2023-01-24,95.49440002441406,31.150665283203125,41.88786315917969,280.80694580078125
2023-01-25,96.18376922607422,31.105899810791016,41.491817474365234,279.21343994140625
2023-01-27,97.0852279663086,31.473011016845703,41.7446174621582,277.8745422363281
2023-01-30,97.00570678710938,31.132755279541016,41.48339080810547,276.2715759277344
2023-01-31,97.27083587646484,32.30572509765625,41.60979080200195,281.0615234375
2023-02-01,97.35037231445312,32.33258056640625,41.75304412841797,284.30511474609375
2023-02-02,96.97918701171875,32.46689224243164,41.16319274902344,287.1904296875
2023-02-03,98.23417663574219,32.69073486328125,40.3711051940918,295.8934326171875
2023-02-06,97.88065338134766,32.71760177612305,40.615474700927734,294.1113586425781
2023-02-07,97.48294067382812,32.32362747192383,40.45536422729492,290.4811706542969
2023-02-08,97.5006103515625,32.22513961791992,40.53120803833008,288.7179260253906
2023-02-09,97.40340423583984,31.97442054748535,40.548057556152344,287.8127746582031
2023-02-10,97.17361450195312,32.2430419921875,40.44694137573242,287.5487365722656
2023-02-13,96.59915924072266,32.28781509399414,40.33740234375,287.5959167480469
2023-02-14,96.55494689941406,32.48479461669922,40.21100616455078,290.179443359375
2023-02-15,91.03121185302734,32.21617889404297,40.396385192871094,287.5015869140625
2023-02-16,89.70552062988281,32.67283248901367,40.548057556152344,285.6911926269531
2023-02-17,89.23711395263672,32.85190200805664,40.44694137573242,281.36328125
2023-02-20,90.35069274902344,32.950401306152344,40.83456039428711,281.36328125
2023-02-21,89.72319030761719,32.8787727355957,40.699737548828125,281.4010314941406
2023-02-22,89.52465057373047,33.532405853271484,40.73344421386719,278.8174743652344
2023-02-23,90.1563720703125,33.07575988769531,39.343074798583984,281.6744689941406
2023-02-24,91.34764862060547,33.15633773803711,38.71109390258789,282.3816223144531
2023-02-27,91.50106048583984,33.10262680053711,37.539817810058594,280.78814697265625
2023-02-28,90.86933135986328,33.0578498840332,38.08753967285156,279.3831481933594
2023-03-01,89.38928985595703,32.92354202270508,38.94704055786133,276.130126953125
2023-03-02,87.60240173339844,32.8691291809082,40.48907470703125,275.1401062011719
2023-03-03,88.21607208251953,33.07768630981445,40.716590881347656,276.2904357910156
2023-03-06,88.98316955566406,33.50385284423828,40.77557373046875,277.6858825683594
2023-03-07,89.25392150878906,33.866546630859375,40.38795852661133,279.9489440917969
2023-03-08,88.81170654296875,33.66706466674805,40.13516616821289,280.13751220703125
2023-03-09,89.09146118164062,33.70333480834961,40.41591262817383,275.4173889160156
2023-03-10,86.1945571899414,33.730533599853516,39.045291900634766,271.198486328125
2023-03-13,85.84259033203125,33.36783981323242,39.75662612915039,268.5249328613281
2023-03-14,85.98698425292969,32.99607467651367,39.06264114379883,264.6377868652344
2023-03-15,86.09527587890625,33.22275924682617,39.52241134643555,269.3497314453125
2023-03-16,86.00503540039062,33.22275924682617,37.63998031616211,274.2607727050781
2023-03-17,87.04286193847656,33.60359191894531,37.63998031616211,272.34564208984375
2023-03-20,86.7089614868164,33.05048370361328,37.26696014404297,270.1081848144531
2023-03-21,87.10602569580078,33.113956451416016,37.76142501831055,270.1935119628906
2023-03-22,87.66557312011719,33.83934020996094,38.030338287353516,272.5732116699219
2023-03-23,87.56629943847656,33.884681701660156,37.74407196044922,273.2178955078125
2023-03-24,86.49235534667969,33.96628189086914,37.85684585571289,273.5118408203125
2023-03-27,85.79747009277344,34.04789352416992,37.778770446777344,273.9384460449219
2023-03-28,86.69091033935547,34.05696105957031,38.51613235473633,270.2029724121094
2023-03-29,86.94358825683594,34.256439208984375,39.036617279052734,268.82830810546875
2023-03-30,88.21607208251953,34.501258850097656,39.97350311279297,270.6770324707031
2023-03-31,88.73048400878906,34.36525344848633,40.971099853515625,273.3316345214844
2023-04-03,89.58782196044922,34.619140625,40.74555587768555,275.8061828613281
2023-04-04,89.32611083984375,34.83675003051758,39.852054595947266,276.33709716796875
2023-04-05,89.39830780029297,34.90928649902344,39.24481201171875,278.3564758300781
2023-04-06,89.35318756103516,35.389862060546875,39.079986572265625,284.59490966796875
2023-04-11,90.03003692626953,35.72534942626953,39.886749267578125,286.0833435058594
2023-04-12,89.55172729492188,35.82508850097656,40.63277816772461,288.1122131347656
2023-04-13,88.64022827148438,35.42613220214844,40.251094818115234,286.4910583496094
2023-04-14,89.44342041015625,35.779754638671875,40.294464111328125,285.75152587890625
2023-04-17,90.0119857788086,35.6256103515625,40.43326187133789,286.1876525878906
2023-04-18,89.70514678955078,34.95462417602539,40.40723419189453,284.6517333984375
2023-04-19,89.67806243896484,34.89115905761719,41.00579833984375,284.1398620605469
2023-04-20,91.07688903808594,35.14503479003906,39.956146240234375,284.3009948730469
2023-04-21,90.0661392211914,35.08156204223633,39.05397033691406,286.0833435058594
2023-04-24,90.34590911865234,35.3626594543457,38.31660842895508,288.5389099121094
2023-04-26,90.14734649658203,35.53493118286133,38.16914367675781,289.8472900390625
2023-04-27,89.43440246582031,35.50773239135742,38.45541000366211,288.2165832519531
2023-04-28,89.66903686523438,35.20851516723633,38.51613235473633,284.9740905761719
2023-05-01,90.64371490478516,35.2719841003418,38.32528305053711,286.7280578613281
2023-05-02,90.33688354492188,34.98183059692383,37.848167419433594,286.0454406738281
2023-05-03,88.70341491699219,35.32638168334961,37.53588104248047,284.0354919433594
2023-05-04,86.42017364501953,35.244781494140625,38.14311599731445,284.5190124511719
2023-05-05,86.75408935546875,35.43519973754883,38.21251678466797,285.4197082519531
2023-05-08,87.64752197265625,35.03623580932617,38.793724060058594,285.6282958984375
2023-05-09,87.8460693359375,34.95462417602539,38.57685470581055,284.2535705566406
2023-05-10,88.30632019042969,34.98183059692383,38.55950164794922,287.4580993652344
2023-05-11,88.75756072998047,34.97276306152344,38.16914367675781,286.3204040527344
2023-05-12,89.30805969238281,35.05436706542969,37.718048095703125,290.4539794921875
2023-05-15,88.89292907714844,35.20851516723633,38.03901290893555,291.8287048339844
2023-05-16,88.07168579101562,34.700740814208984,38.2385368347168,288.4061584472656
2023-05-17,87.66557312011719,34.564727783203125,37.926246643066406,288.4251403808594
2023-05-18,88.44168853759766,34.54659652709961,38.377342224121094,287.09783935546875
2023-05-19,90.0661392211914,34.68260192871094,38.30793380737305,288.6431579589844
2023-05-22,89.25392150878906,34.61006546020508,38.342628479003906,291.288330078125
2023-05-23,89.74124145507812,34.401519775390625,37.995643615722656,293.1466064453125
2023-05-24,90.18345642089844,34.582862854003906,37.14551544189453,289.75244140625
2023-05-25,88.18899536132812,34.619140625,36.564300537109375,290.3971252441406
2023-05-26,88.58609008789062,34.43778610229492,37.08478546142578,288.38720703125
2023-05-29,89.85856628417969,34.646331787109375,37.61395263671875,292.1131591796875
2023-05-30,89.50659942626953,34.691673278808594,37.726722717285156,292.2363586425781
2023-05-31,87.3406753540039,34.03882598876953,36.45153045654297,290.4824523925781
2023-06-01,87.35873413085938,34.53752899169922,36.49489974975586,294.1799621582031
2023-06-02,87.45800018310547,34.04789352416992,37.51852798461914,292.0088806152344
2023-06-05,87.9904556274414,34.38338088989258,38.16914367675781,294.59710693359375
2023-06-06,87.14213562011719,33.957218170166016,37.8221435546875,291.743408203125
2023-06-07,86.35699462890625,33.91188049316406,37.83949279785156,292.8241882324219
2023-06-08,86.53748321533203,34.03882598876953,38.28190994262695,289.8756408691406
2023-06-09,86.45626831054688,34.06602478027344,38.793724060058594,289.44903564453125
2023-06-13,87.10602569580078,34.5919303894043,38.420711517333984,292.5018615722656
2023-06-14,87.87313842773438,34.791412353515625,39.81735610961914,272.3362121582031
2023-06-15,88.43267059326172,34.90022277832031,40.120967864990234,264.9885559082031
2023-06-16,89.66001892089844,35.018096923828125,40.26844024658203,263.4337158203125
2023-06-19,90.7068862915039,35.852294921875,39.9908447265625,269.67205810546875
2023-06-20,91.70862579345703,36.2059211730957,40.528682708740234,268.7808837890625
2023-06-21,91.76276397705078,36.52328109741211,40.09495162963867,268.8946228027344
2023-06-22,90.31883239746094,36.11524963378906,39.14071273803711,267.3492736816406
2023-06-23,88.9019546508789,36.14244842529297,38.68962478637695,267.3587646484375
2023-06-26,88.37852478027344,35.852294921875,38.55950164794922,265.4626159667969
2023-06-27,88.82975769042969,36.02457046508789,39.13204574584961,264.5619201660156
2023-06-28,89.83149719238281,36.133384704589844,39.400962829589844,263.8982849121094
2023-06-29,90.30979919433594,36.14244842529297,38.99324417114258,263.8508605957031
2023-06-30,90.49028015136719,36.02457046508789,39.02794647216797,262.9786376953125
2023-07-03,91.09494018554688,36.151512145996094,39.26216506958008,261.90728759765625
2023-07-04,92.30424499511719,36.160579681396484,39.21011734008789,262.19171142578125
2023-07-05,91.85301971435547,36.03364181518555,39.036617279052734,259.9542541503906
2023-07-06,90.63468170166016,35.65281295776367,38.14311599731445,258.3424987792969
2023-07-07,89.10049438476562,35.235713958740234,37.47515869140625,253.04273986816406
2023-07-10,88.91097259521484,34.83675003051758,37.05876541137695,250.40707397460938
2023-07-11,89.9036865234375,34.98183059692383,37.58792495727539,251.25088500976562
2023-07-12,89.47953796386719,34.96369552612305,38.22986602783203,249.2124786376953
2023-07-13,90.80615997314453,35.471466064453125,38.80240249633789,250.7388916015625
2023-07-14,91.4468994140625,35.32638168334961,39.487709045410156,247.43011474609375
2023-07-17,91.93424987792969,35.398921966552734,39.26216506958008,245.3822479248047
2023-07-18,92.56597137451172,35.06342697143555,38.88047409057617,250.8336944580078
2023-07-19,94.4430923461914,34.90928649902344,38.750343322753906,251.73439025878906
2023-07-20,94.98458099365234,34.84581756591797,38.706974029541016,251.5258026123047
2023-07-21,94.35283660888672,35.31732177734375,39.05397033691406,253.23236083984375
2023-07-24,94.24454498291016,35.20851516723633,38.464080810546875,252.44544982910156
2023-07-25,94.03697204589844,35.04530334472656,39.74795150756836,251.6016845703125
2023-07-26,94.75896453857422,35.163177490234375,40.667484283447266,249.2124786376953
2023-07-27,96.13972473144531,35.571205139160156,40.06024932861328,253.8012237548828
2023-07-28,95.21018981933594,35.48052978515625,39.73059844970703,252.9100341796875
2023-07-31,95.39970397949219,35.018096923828125,39.912776947021484,254.57864379882812
2023-08-01,95.52605438232422,35.44426345825195,40.225067138671875,255.33712768554688
2023-08-02,93.3691635131836,35.15410232543945,39.77397155761719,254.1709747314453
2023-08-03,92.46669006347656,35.12690353393555,39.305538177490234,253.13754272460938
2023-08-04,91.93424987792969,35.12690353393555,39.73059844970703,251.3741455078125
2023-08-07,91.91618347167969,34.87302017211914,39.53107833862305,248.548828125
2023-08-08,92.2410659790039,34.809547424316406,39.314208984375,251.12762451171875
2023-08-09,94.62358856201172,34.82768249511719,39.470359802246094,249.00392150878906
2023-08-10,94.28064727783203,34.73700714111328,39.713253021240234,250.8716583251953
2023-08-11,94.21747589111328,34.76421356201172,39.66987609863281,252.2653045654297
2023-08-14,93.58575439453125,34.73700714111328,38.81974792480469,249.34521484375
2023-08-15,93.4142837524414,34.863948822021484,38.706974029541016,258.6363830566406
2023-08-16,92.19474792480469,34.75514602661133,37.39707946777344,257.4892272949219
2023-08-17,92.0654067993164,34.15669631958008,37.39707946777344,255.60256958007812
2023-08-18,91.51107788085938,34.06602478027344,37.90022277832031,256.522216796875
2023-08-21,90.95674133300781,33.866546630859375,37.752750396728516,253.0048065185547
2023-08-22,91.15998840332031,32.84193420410156,37.48382568359375,250.43553161621094
2023-08-23,91.88062286376953,33.99348831176758,38.195159912109375,249.5348663330078
2023-08-24,92.95234680175781,33.60359191894531,37.978294372558594,250.151123046875
2023-08-25,91.99149322509766,33.92094802856445,37.319007873535156,249.74342346191406
2023-08-28,93.1093978881836,34.319908142089844,37.778770446777344,254.0382537841797
2023-08-29,93.34036254882812,34.5919303894043,38.24721145629883,253.30821228027344
2023-08-30,94.08870697021484,35.29011535644531,38.80240249633789,257.79266357421875
2023-08-31,94.40284729003906,35.096824645996094,38.90650177001953,259.32855224609375
2023-09-01,93.63601684570312,35.07841491699219,38.81107711791992,255.11900329589844
2023-09-04,94.24578094482422,34.921939849853516,39.843379974365234,254.49330139160156
2023-09-05,94.4397964477539,35.041595458984375,39.9908447265625,256.7781677246094
2023-09-06,93.7838363647461,35.06000518798828,39.9908447265625,257.1195068359375
2023-09-07,93.22026062011719,34.875911712646484,38.97492218017578,254.2752685546875
2023-09-08,93.1371078491211,34.74705123901367,38.511253356933594,256.78765869140625
2023-09-11,94.27349090576172,35.0692138671875,38.93033981323242,256.5276794433594
2023-09-12,94.33816528320312,35.188865661621094,39.402923583984375,258.2469482421875
2023-09-13,93.95936584472656,34.83909606933594,39.05517578125,257.13897705078125
2023-09-14,94.35665130615234,34.636600494384766,39.358341217041016,254.961181640625
2023-09-15,95.3082504272461,34.903526306152344,40.73151779174805,255.658447265625
2023-09-18,94.81858825683594,34.78387451171875,40.8028450012207,253.75770568847656
2023-09-19,94.35665130615234,34.60898208618164,40.2143440246582,251.78050231933594
2023-09-20,94.08870697021484,34.81148147583008,39.804176330566406,250.85401916503906
2023-09-21,92.46268463134766,34.4064826965332,39.32267379760742,244.8555908203125
2023-09-22,92.44420623779297,34.222389221191406,39.53667449951172,240.84390258789062
2023-09-25,92.27788543701172,34.66421127319336,39.36725616455078,241.65579223632812
2023-09-26,92.46268463134766,34.58136749267578,38.609336853027344,244.13922119140625
2023-09-27,92.87841796875,34.59978103637695,38.77875518798828,240.73883056640625
2023-09-28,92.34256744384766,34.305233001708984,38.99275588989258,240.73883056640625
2023-09-29,92.36104583740234,34.35124969482422,39.45642852783203,239.55445861816406
2023-10-02,92.25018310546875,33.93705368041992,39.76850891113281,235.31350708007812
2023-10-03,92.10236358642578,33.95546340942383,39.09083938598633,237.55816650390625
2023-10-04,90.62413787841797,34.019893646240234,38.98384475708008,237.54861450195312
2023-10-05,91.44640350341797,34.535343170166016,38.725257873535156,238.2745361328125
2023-10-06,92.42572021484375,34.64580154418945,39.20676040649414,238.98133850097656
2023-10-09,92.41647338867188,34.43409729003906,39.260257720947266,242.08560180664062
2023-10-10,93.03549194335938,34.93114471435547,39.36725616455078,243.6329803466797
2023-10-11,92.98004913330078,34.903526306152344,39.884429931640625,242.8688507080078
2023-10-12,93.86697387695312,34.77466583251953,39.982513427734375,227.5576171875
2023-10-13,93.28494262695312,34.55375671386719,40.13409423828125,230.56637573242188
2023-10-16,93.00776672363281,34.4985237121582,40.285682678222656,229.14317321777344
2023-10-17,93.49742889404297,34.48012161254883,40.633426666259766,225.8001251220703
2023-10-18,93.70068359375,34.305233001708984,40.909847259521484,228.23577880859375
2023-10-19,92.18550872802734,33.86341857910156,40.330265045166016,225.2938690185547
2023-10-20,91.2339096069336,33.64250946044922,39.61692428588867,222.63853454589844
2023-10-23,90.37468719482422,33.88182830810547,38.662841796875,226.18218994140625
2023-10-24,90.60565948486328,33.458412170410156,38.867923736572266,226.6120147705078
2023-10-25,89.94046783447266,32.795692443847656,39.875511169433594,225.46580505371094
2023-10-26,89.61709594726562,32.38148880004883,40.06276321411133,223.83250427246094
2023-10-27,90.35620880126953,32.611602783203125,40.17868423461914,223.59371948242188
2023-10-30,88.89647674560547,32.13296890258789,40.2232666015625,220.3079376220703
2023-10-31,89.21058654785156,32.418312072753906,39.67934799194336,221.9317169189453
2023-11-01,89.49700164794922,32.225013732910156,40.29459762573242,224.44378662109375
2023-11-02,90.93826293945312,32.3078498840332,40.464012145996094,227.42388916015625
2023-11-03,92.3240966796875,32.6760368347168,40.571014404296875,233.05935668945312
2023-11-06,92.77678680419922,32.43671798706055,40.51751708984375,237.09011840820312
2023-11-07,92.39800262451172,32.418312072753906,40.62451934814453,236.99461364746094
2023-11-08,93.02625274658203,32.6300163269043,39.85768127441406,236.73672485351562
2023-11-09,94.33816528320312,32.6300163269043,40.080596923828125,240.9871826171875
2023-11-10,93.60829162597656,32.6760368347168,40.365928649902344,240.83436584472656
2023-11-13,93.59906005859375,32.73126220703125,40.48184585571289,240.70062255859375
2023-11-14,94.49522399902344,32.869327545166016,41.03468322753906,242.27664184570312
2023-11-15,94.3751220703125,32.81410598754883,41.76585006713867,248.8672637939453
2023-11-16,94.50446319580078,32.90614318847656,41.51618576049805,246.6321563720703
2023-11-17,94.67076873779297,32.510353088378906,41.560768127441406,247.01425170898438
2023-11-20,95.31748962402344,32.12376022338867,41.67668914794922,246.0686492919922
2023-11-21,95.8071517944336,31.755582809448242,42.26519012451172,245.28541564941406
2023-11-22,95.8995361328125,31.709562301635742,42.65752410888672,247.61598205566406
2023-11-23,95.12347412109375,31.543882369995117,42.042274475097656,246.37429809570312
2023-11-24,95.79791259765625,31.764787673950195,42.095767974853516,246.517578125
2023-11-27,94.80011749267578,31.479446411132812,41.48052215576172,244.78872680664062
2023-11-28,95.47454071044922,31.746383666992188,41.4002685546875,245.36183166503906
2023-11-29,95.46531677246094,31.55307960510254,41.18627166748047,250.4432830810547
2023-11-30,96.694091796875,32.12376022338867,41.28435134887695,250.47193908691406
2023-12-01,96.25985717773438,31.81081199645996,41.32001876831055,251.07366943359375
2023-12-04,97.11906433105469,32.07774353027344,42.033355712890625,252.324951171875
2023-12-05,96.74027252197266,32.225013732910156,41.48052215576172,251.32200622558594
2023-12-06,98.2462158203125,32.8325080871582,42.11360549926758,255.47695922851562
2023-12-07,98.18152618408203,32.998191833496094,42.283023834228516,254.54092407226562
2023-12-08,98.33860778808594,32.924556732177734,42.568355560302734,254.95167541503906
2023-12-11,98.80054473876953,33.182281494140625,42.39002227783203,255.7444305419922
2023-12-12,99.23477935791016,33.7897834777832,42.40785598754883,257.4159851074219
2023-12-13,99.91844940185547,33.55046463012695,42.68427658081055,260.1286315917969
2023-12-14,101.18416595458984,33.706939697265625,43.023109436035156,264.3504333496094
2023-12-15,101.69230651855469,33.74375915527344,44.05744552612305,266.24163818359375
2023-12-18,101.62763977050781,33.50444412231445,43.99502944946289,266.9866638183594
2023-12-19,102.18197631835938,33.605690002441406,44.24469757080078,268.48626708984375
2023-12-20,102.52381896972656,33.87261962890625,44.40519714355469,271.31353759765625
2023-12-21,102.14501190185547,33.752960205078125,44.35169982910156,269.84259033203125
2023-12-22,102.08958435058594,33.64250946044922,44.34278106689453,269.4987487792969
2023-12-27,102.7270736694336,33.93705368041992,44.815364837646484,272.841796875
2023-12-28,103.74333953857422,34.231597900390625,45.22554016113281,273.7969665527344
2023-12-29,103.2906494140625,34.24080276489258,44.949119567871094,273.7969665527344
2024-01-02,104.96288299560547,34.52614212036133,45.06503677368164,275.37298583984375
2024-01-03,103.59552001953125,34.47092056274414,44.378448486328125,272.0394592285156
2024-01-04,103.00424194335938,34.12114334106445,44.20903396606445,273.8733825683594
2024-01-05,104.39006042480469,34.038299560546875,43.7542839050293,275.0291442871094
2024-01-08,103.45693969726562,33.798988342285156,43.388694763183594,273.9402160644531
2024-01-09,104.41777801513672,34.13955307006836,43.66510772705078,277.09228515625
2024-01-10,103.51238250732422,33.86341857910156,42.675357818603516,278.7733459472656
2024-01-11,104.9536361694336,33.84501266479492,42.630775451660156,278.3149108886719
2024-01-12,104.98135375976562,33.33876419067383,42.54160690307617,277.3787841796875
2024-01-15,105.07374572753906,33.393985748291016,42.149269104003906,276.0416259765625
2024-01-16,104.39930725097656,32.823307037353516,41.462684631347656,271.9248352050781
2024-01-17,103.78030395507812,32.80489730834961,41.52510452270508,273.09014892578125
2024-01-18,103.91888427734375,32.70364761352539,40.77609634399414,270.129150390625
2024-01-19,104.65799713134766,32.8325080871582,40.77609634399414,276.0416259765625
2024-01-22,106.06230163574219,33.27432632446289,40.883094787597656,277.493408203125
2024-01-23,106.85684967041016,33.52285385131836,41.28435134887695,280.1870422363281
2024-01-24,105.96990966796875,33.3111457824707,41.78369140625,278.333984375
2024-01-25,106.11773681640625,33.320350646972656,42.39002227783203,279.86224365234375
2024-01-29,107.09705352783203,33.3111457824707,41.792606353759766,280.1106262207031
2024-01-30,107.21717071533203,33.0626220703125,41.953102111816406,283.4345397949219
2024-01-31,108.58451080322266,33.14546203613281,42.149269104003906,288.17218017578125
2024-02-01,105.41557312011719,32.94296646118164,42.00660705566406,283.45367431640625
2024-02-02,106.99542236328125,33.54125213623047,42.45244598388672,286.3477783203125
2024-02-05,106.69054412841797,33.20069122314453,41.4181022644043,286.7776184082031
2024-02-06,105.6650390625,33.136260986328125,40.98118591308594,288.4205017089844
2024-02-07,105.83133697509766,32.878536224365234,41.409183502197266,291.2955322265625
2024-02-08,107.05086517333984,32.685237884521484,41.39134979248047,289.55712890625
2024-02-09,107.39269256591797,32.6300163269043,41.28435134887695,291.3241882324219
2024-02-12,106.92152404785156,32.42750930786133,41.07926559448242,277.2259826660156
2024-02-13,107.17096710205078,32.353878021240234,41.302181243896484,269.5942687988281
2024-02-14,105.38786315917969,32.65762710571289,40.972267150878906,267.6266174316406
2024-02-15,105.47102355957031,33.090232849121094,40.27676010131836,270.2055969238281
2024-02-16,107.42965698242188,33.11785125732422,40.669097900390625,271.26580810546875
2024-02-19,108.21495819091797,32.86012649536133,41.05251693725586,268.4289855957031
2024-02-20,108.04865264892578,33.016597747802734,40.6066780090332,269.6228942871094
2024-02-21,107.87924194335938,30.835128784179688,39.65259552001953,271.523681640625
2024-02-22,107.71923828125,30.28286361694336,39.50101089477539,272.2400207519531
2024-02-23,108.076904296875,30.172405242919922,39.72392654418945,272.5457458496094
2024-02-26,109.10279083251953,30.273656845092773,39.20676040649414,274.43695068359375
2024-02-27,110.23223114013672,30.558998107910156,39.2691764831543,272.69854736328125
2024-02-28,109.14044189453125,30.474966049194336,39.188926696777344,272.8131408691406
2024-02-29,109.56397247314453,30.45629119873047,39.17108917236328,273.40533447265625
2024-03-01,110.4581069946289,30.783077239990234,40.0538444519043,269.6897888183594
2024-03-04,111.17341613769531,30.512311935424805,39.438594818115234,266.9484558105469
2024-03-05,110.06280517578125,30.409608840942383,39.795265197753906,270.3106384277344
2024-03-06,111.35223388671875,30.15751838684082,39.54559326171875,269.6419982910156
2024-03-07,112.23695373535156,30.241548538208008,40.09981918334961,269.21221923828125
2024-03-08,114.30757904052734,30.745729446411133,40.182106018066406,272.6698913574219
2024-03-11,111.18281555175781,30.57767105102539,39.148983001708984,270.2946472167969
2024-03-12,110.81575775146484,30.288230895996094,38.87469482421875,270.93865966796875
2024-03-13,110.63693237304688,30.204200744628906,38.35356521606445,269.14117431640625
2024-03-14,109.3851547241211,30.48430633544922,39.368408203125,271.70770263671875
2024-03-15,108.7451400756836,30.48430633544922,38.77412796020508,269.34307861328125
2024-03-18,109.61103057861328,30.334918975830078,38.77412796020508,268.7278747558594
2024-03-19,108.97102355957031,29.942771911621094,39.85296630859375,268.3434143066406
2024-03-20,108.84867095947266,29.62532615661621,40.05410385131836,268.0550231933594
2024-03-21,111.06047058105469,29.96144676208496,40.36495590209961,265.5751037597656
2024-03-22,110.57105255126953,30.176193237304688,40.035823822021484,270.04473876953125
2024-03-25,111.80400848388672,30.241548538208008,40.118106842041016,272.6880798339844
2024-03-26,111.62518310546875,30.241548538208008,39.880393981933594,271.5154113769531
2024-03-27,112.94285583496094,30.82042121887207,39.93525314331055,275.2449645996094
2024-03-28,113.26284790039062,30.96980857849121,40.47467041015625,276.7540588378906
2024-04-02,113.00873565673828,30.755067825317383,41.26094055175781,274.59130859375
2024-04-03,110.88163757324219,30.48430633544922,41.01408767700195,271.3616027832031
2024-04-04,111.38988494873047,30.409608840942383,40.913516998291016,271.0636291503906
2024-04-05,111.0981216430664,30.316242218017578,40.54780960083008,269.18927001953125
2024-04-08,111.23930358886719,30.232213973999023,40.45638656616211,270.5445556640625
2024-04-09,112.1428451538086,30.15751838684082,41.26094055175781,269.2181091308594
2024-04-10,111.25812530517578,30.101499557495117,41.56264877319336,272.3804626464844
2024-04-11,109.94044494628906,30.428281784057617,42.001495361328125,269.52569580078125
2024-04-12,109.40396881103516,30.082826614379883,41.61750411987305,270.7752685546875
2024-04-15,107.8980712890625,30.110836029052734,41.846073150634766,267.7474365234375
2024-04-16,105.6015625,29.765377044677734,41.11465835571289,264.0467224121094
2024-04-17,105.35685729980469,29.690683364868164,40.63009262084961,262.04742431640625
2024-04-18,106.10039520263672,29.643999099731445,41.224369049072266,260.8747253417969
2024-04-19,105.28156280517578,29.317214965820312,40.80380630493164,259.0387878417969
2024-04-22,106.24156951904297,29.7467041015625,41.52607727050781,264.786865234375
2024-04-23,107.84159851074219,29.830734252929688,41.599220275878906,268.151123046875
2024-04-24,108.23689270019531,29.942771911621094,41.35236358642578,267.65130615234375
2024-04-26,106.34510040283203,29.494613647460938,39.45069122314453,262.7010192871094
2024-04-29,107.14510345458984,29.728031158447266,39.2861213684082,264.3351135253906
2024-04-30,107.80394744873047,29.784048080444336,39.340972900390625,266.0268249511719
2024-05-01,107.22040557861328,29.709354400634766,38.69184494018555,263.8448791503906
2024-05-02,108.23689270019531,28.476913452148438,38.7467041015625,264.7099914550781
2024-05-03,108.45337677001953,28.560945510864258,38.77412796020508,265.10406494140625
2024-05-06,109.7333755493164,28.46757698059082,39.08498001098633,264.81573486328125
2024-05-07,112.00166320800781,28.859716415405273,39.697540283203125,268.71826171875
2024-05-08,112.6981430053711,28.859716415405273,39.660972595214844,269.0450439453125
2024-05-09,110.2039794921875,28.738340377807617,39.368408203125,266.30560302734375
2024-05-10,110.62752532958984,28.68231964111328,39.231266021728516,268.35296630859375
2024-05-13,112.1146011352539,28.96242332458496,39.542110443115234,269.0643310546875
2024-05-14,112.312255859375,29.065126419067383,39.45069122314453,268.73748779296875
2024-05-15,112.87696838378906,29.233184814453125,40.31010055541992,272.0729064941406
2024-05-16,115.0699462890625,29.737367630004883,40.72152328491211,275.8216857910156
2024-05-17,113.92169189453125,29.55063247680664,41.0415153503418,269.14117431640625
2024-05-20,114.60874938964844,29.289209365844727,41.800357818603516,267.12261962890625
2024-05-21,114.62757873535156,29.33588981628418,42.092926025390625,266.86309814453125
2024-05-22,114.35462951660156,29.251859664916992,42.275779724121094,267.3052673339844
2024-05-23,113.62992095947266,29.419919967651367,41.05979919433594,271.0636291503906
2024-05-24,111.87931060791016,29.018444061279297,40.81294631958008,270.0255432128906
2024-05-27,113.0369644165039,29.373233795166016,41.27922821044922,269.75640869140625
2024-05-28,113.234619140625,29.44793128967285,41.21522903442383,271.025146484375
2024-05-29,111.3804702758789,29.065126419067383,41.21522903442383,267.4109802246094
2024-05-30,111.0510482788086,28.92507553100586,40.502098083496094,267.5263366699219
2024-05-31,112.50989532470703,29.503950119018555,40.694095611572266,269.2373352050781
2024-06-03,114.15699768066406,29.410581588745117,40.96837615966797,270.4292297363281
2024-06-04,115.25817108154297,29.401247024536133,40.48381423950195,271.0636291503906
2024-06-05,116.20878601074219,29.868078231811523,40.13638687133789,274.7738952636719
2024-06-06,117.50762176513672,30.06415367126465,40.273529052734375,278.2727966308594
2024-06-07,118.16645812988281,30.288230895996094,40.712379455566406,277.7921447753906
2024-06-11,117.58291625976562,30.241548538208008,39.990108489990234,275.1968688964844
2024-06-12,116.80172729492188,30.325578689575195,39.77068328857422,271.28472900390625
2024-06-13,118.10057830810547,30.344253540039062,39.496402740478516,276.7925109863281
2024-06-14,117.94056701660156,30.428281784057617,39.395835876464844,277.8883056640625
2024-06-17,118.1099853515625,30.671035766601562,38.89298629760742,277.59991455078125
2024-06-18,120.45355224609375,30.857770919799805,39.13069534301758,282.4732666015625
2024-06-19,119.47471618652344,30.895118713378906,39.075836181640625,281.63702392578125
2024-06-20,120.23707580566406,30.81109046936035,39.08498001098633,279.46466064453125
2024-06-21,120.17120361328125,31.39929962158203,39.11240768432617,281.63702392578125
2024-06-24,119.34294891357422,31.21256446838379,38.79241180419922,280.6853942871094
2024-06-25,121.0653305053711,31.73542022705078,39.60611343383789,282.3099060058594
2024-06-26,119.43707275390625,31.679399490356445,39.62439727783203,283.4441223144531
2024-06-27,118.77822875976562,31.63271713256836,39.45069122314453,283.7132568359375
2024-06-28,119.88883209228516,31.54868507385254,39.0209846496582,283.7613220214844
2024-07-01,118.77822875976562,31.343276977539062,39.587825775146484,281.2525634765625
2024-07-02,118.26998901367188,31.0911865234375,39.45983123779297,280.7527160644531
2024-07-03,118.0064468383789,31.203227996826172,39.90782165527344,283.46337890625
2024-07-04,120.34061431884766,31.371286392211914,40.93180465698242,285.9625244140625
2024-07-05,119.62529754638672,31.54868507385254,40.584381103515625,288.1252746582031
2024-07-08,119.03235626220703,31.502002716064453,39.75239562988281,284.0977783203125
2024-07-09,121.12179565429688,31.68873405456543,39.990108489990234,286.95257568359375
2024-07-10,120.9806137084961,31.73542022705078,39.46897506713867,286.1163024902344
2024-07-11,122.27945709228516,32.02485656738281,39.825538635253906,290.3264465332031
2024-07-12,123.91712951660156,31.90348243713379,39.679256439208984,294.7096252441406
2024-07-15,124.88655853271484,32.07154083251953,39.92610549926758,296.5935974121094
2024-07-16,124.6512680053711,32.24893569946289,39.38669204711914,295.9207458496094
2024-07-17,125.64892578125,32.67842483520508,39.03926467895508,296.0745544433594
2024-07-18,124.85832214355469,32.818477630615234,39.0026969909668,299.0543212890625
2024-07-19,123.88890838623047,32.73444366455078,38.17985153198242,299.61181640625
2024-07-22,123.93594360351562,32.818477630615234,38.07014465332031,297.1895446777344
2024-07-23,125.31010437011719,32.58505630493164,37.905574798583984,300.04437255859375
2024-07-24,124.97126007080078,32.323631286621094,37.99700164794922,298.3526611328125
2024-07-25,124.80186462402344,32.16490936279297,37.658721923828125,293.6907043457031
2024-07-26,125.31010437011719,31.940826416015625,38.49070358276367,296.1033630371094
2024-07-29,126.96656799316406,32.16490936279297,38.463279724121094,299.2561950683594
2024-07-30,127.95482635498047,32.09954833984375,37.97871398925781,297.2952880859375
2024-07-31,129.40428161621094,32.21158981323242,38.673561096191406,297.7086181640625
2024-08-01,128.2560272216797,32.51970291137695,38.84727096557617,298.5448303222656
2024-08-02,124.67009735107422,32.02485656738281,38.3809928894043,293.815673828125
2024-08-05,117.54527282714844,31.100522994995117,37.5855827331543,289.42291259765625
2024-08-06,120.18061065673828,31.39929962158203,37.722721099853516,290.5763244628906
2024-08-07,119.85118865966797,31.39929962158203,37.5032958984375,292.60455322265625
2024-08-08,121.51709747314453,31.567359924316406,36.76273727416992,293.6234436035156
2024-08-09,121.93122100830078,31.679399490356445,37.35701370239258,296.56475830078125
2024-08-12,122.85359191894531,31.567359924316406,37.15587615966797,296.9492492675781
2024-08-13,124.72654724121094,31.511337280273438,37.25644302368164,283.3480224609375
2024-08-14,126.31716918945312,31.8194522857666,36.22332000732422,289.1056823730469
2024-08-15,126.96656799316406,32.02485656738281,35.848472595214844,289.442138671875
2024-08-16,130.0066375732422,32.47301483154297,36.57988357543945,293.49847412109375
2024-08-19,131.06077575683594,32.575721740722656,36.32389450073242,295.863037109375
2024-08-20,131.3901824951172,32.631744384765625,36.79930877685547,296.29559326171875
2024-08-21,130.36474609375,33.02388381958008,37.375301361083984,296.5263366699219
2024-08-22,130.77682495117188,33.163936614990234,37.430152893066406,296.1513977050781
2024-08-23,131.10269165039062,33.5280647277832,37.18330383300781,297.516357421875
2024-08-26,133.02896118164062,33.462711334228516,37.33872604370117,297.31451416015625
2024-08-27,131.70643615722656,33.107913970947266,37.80500411987305,295.9784240722656
2024-08-28,132.79898071289062,34.19096755981445,37.26558303833008,295.9591979980469
2024-08-29,133.01939392089844,33.36000442504883,37.055301666259766,295.988037109375
2024-08-30,133.6902313232422,33.313323974609375,37.27472686767578,295.2478942871094
2024-09-02,135.86569213867188,33.444034576416016,36.87245559692383,293.8829650878906
2024-09-03,137.4086456298828,33.424842834472656,36.232460021972656,294.1617431640625
2024-09-04,134.11192321777344,32.93541717529297,35.32733917236328,292.2008361816406
2024-09-05,135.4631805419922,32.96420669555664,35.57419204711914,291.3453674316406
2024-09-06,137.49488830566406,33.24250411987305,35.15362548828125,292.2008361816406
2024-09-09,136.9965362548828,33.24250411987305,35.437049865722656,290.8401794433594
2024-09-10,137.7823944091797,33.23291015625,35.345619201660156,291.9051208496094
2024-09-11,135.17567443847656,33.22331237792969,35.967323303222656,290.3173522949219
2024-09-12,137.00613403320312,33.069766998291016,36.51298522949219,292.05035400390625
2024-09-13,135.75067138671875,33.3096809387207,37.2562255859375,290.6949462890625
2024-09-16,137.03488159179688,33.7031364440918,37.20918273925781,287.2386474609375
2024-09-17,137.08279418945312,33.655155181884766,37.20918273925781,286.5706787109375
2024-09-18,137.3511505126953,33.760719299316406,36.870487213134766,285.9897766113281
2024-09-19,138.02198791503906,33.818302154541016,37.811302185058594,285.0990905761719
2024-09-20,138.48199462890625,33.56878662109375,37.95242691040039,284.28582763671875
2024-09-23,136.45986938476562,32.426795959472656,37.45379638671875,280.8005065917969
2024-09-24,132.31021118164062,31.47673797607422,38.68626022338867,278.496337890625
2024-09-25,129.27223205566406,31.649477005004883,40.17274856567383,277.5765686035156
2024-09-26,128.7547149658203,32.00454330444336,40.7936897277832,281.88482666015625
2024-09-27,128.57264709472656,32.081321716308594,42.09200668334961,276.01788330078125
2024-09-30,129.7513885498047,31.95656394958496,43.23979949951172,277.1602783203125
2024-10-01,127.7867660522461,32.11970901489258,41.997928619384766,279.02880859375
2024-10-02,128.6013946533203,31.63987922668457,42.393070220947266,277.876708984375
2024-10-03,129.00389099121094,31.67826271057129,42.684722900390625,279.4160461425781
2024-10-04,127.21177673339844,31.649477005004883,41.94147872924805,279.7258605957031
2024-10-07,129.1572265625,31.659074783325195,42.20490646362305,279.59033203125
2024-10-08,129.34889221191406,31.563106536865234,41.19823455810547,283.2015075683594
2024-10-09,129.98141479492188,31.95656394958496,40.71841812133789,285.6025085449219
2024-10-10,130.51808166503906,31.87979507446289,41.301727294921875,284.7602233886719
2024-10-11,129.99098205566406,31.72624969482422,40.85954666137695,286.3576354980469
2024-10-14,131.12185668945312,31.668672561645508,41.2076416015625,289.77520751953125
2024-10-15,133.4889678955078,31.62068748474121,41.40521240234375,291.60498046875
2024-10-16,133.9777374267578,31.208032608032227,40.96303176879883,290.0559997558594
2024-10-17,136.08612060546875,31.284805297851562,40.445587158203125,292.17620849609375
2024-10-18,136.90072631835938,31.380773544311523,39.57062911987305,291.0047302246094
2024-10-21,138.43408203125,31.4863338470459,40.11629867553711,293.376708984375
2024-10-22,135.34817504882812,31.22722816467285,39.64588928222656,284.7602233886719
2024-10-23,135.87527465820312,31.716651916503906,39.91872787475586,281.9816589355469
2024-10-24,137.45655822753906,31.889389038085938,39.74938201904297,284.2180480957031
2024-10-25,138.02198791503906,31.371173858642578,39.8810920715332,284.334228515625
2024-10-28,136.91030883789062,31.419160842895508,40.4173583984375,282.69805908203125
2024-10-29,138.16574096679688,31.4863338470459,40.49263000488281,283.34674072265625
2024-10-30,136.9773712158203,29.567020416259766,40.55848693847656,278.3027038574219
2024-10-31,136.8048858642578,28.751312255859375,40.11629867553711,277.8089599609375
2024-11-01,136.17236328125,28.597768783569336,40.24801254272461,272.6487121582031
2024-11-04,138.3382568359375,28.68413734436035,40.07866668701172,277.2183837890625
2024-11-05,137.8590850830078,28.44422149658203,40.10689163208008,274.9432067871094
2024-11-06,139.4020233154297,28.482608795166016,40.07866668701172,276.6278076171875
2024-11-07,141.12704467773438,28.44422149658203,40.445587158203125,274.36236572265625
2024-11-08,143.10125732421875,28.645751953125,40.83131790161133,276.20184326171875
2024-11-11,143.5516815185547,28.319467544555664,39.16607666015625,278.16717529296875
2024-11-12,143.99252319335938,28.377044677734375,38.47928237915039,277.5281982421875
2024-11-13,143.38876342773438,28.127534866333008,38.150001525878906,276.4438781738281
2024-11-14,146.4746551513672,28.021974563598633,37.6419563293457,275.00128173828125
2024-11-15,148.66929626464844,28.213903427124023,37.69841003417969,268.1855773925781
2024-11-18,146.6471710205078,28.712926864624023,37.97124481201172,263.7708435058594
2024-11-19,149.12930297851562,28.981630325317383,37.9242057800293,262.7155456542969
2024-11-20,149.8672332763672,28.92405128479004,37.70781707763672,265.5618896484375
2024-11-21,149.73306274414062,28.674541473388672,37.45379638671875,265.0003662109375
2024-11-22,152.40687561035156,28.68413734436035,37.7830810546875,267.66278076171875
2024-11-25,153.4706268310547,28.712926864624023,37.82071304321289,272.11627197265625
2024-11-26,148.02719116210938,28.78969955444336,37.50083923339844,271.2933349609375
2024-11-27,151.00767517089844,28.981630325317383,37.42557144165039,271.7967529296875
2024-11-28,151.97561645507812,29.125577926635742,37.69841003417969,276.0953369140625
2024-11-29,151.97561645507812,28.96243667602539,38.16881561279297,273.2296142578125
2024-12-02,151.6018524169922,29.096790313720703,38.3099365234375,271.6902770996094
2024-12-03,151.20892333984375,28.991226196289062,38.25348663330078,275.55316162109375
2024-12-04,150.39431762695312,28.770505905151367,38.62040328979492,274.1203308105469
2024-12-05,151.41017150878906,29.000823974609375,38.18762969970703,272.7261962890625
2024-12-06,150.51890563964844,28.712926864624023,38.29112243652344,271.8742370605469
2024-12-09,152.74227905273438,29.020017623901367,38.18762969970703,272.3195495605469
2024-12-10,151.065185546875,29.115982055664062,39.354244232177734,273.02630615234375
2024-12-11,150.95974731445312,29.077594757080078,39.51417541503906,270.7027587890625
2024-12-12,150.95974731445312,29.096790313720703,39.31660842895508,269.4732360839844
2024-12-13,151.6210174560547,29.192752838134766,38.73330307006836,268.7083740234375
2024-12-16,152.03311157226562,29.384685516357422,37.961830139160156,267.97259521484375
2024-12-17,154.41940307617188,29.576616287231445,37.85834884643555,270.0347595214844
2024-12-18,153.0777130126953,29.557422637939453,37.88656997680664,273.2489929199219
2024-12-19,149.4934844970703,29.163965225219727,37.33149337768555,269.9089050292969
2024-12-20,144.00210571289062,28.96243667602539,37.246822357177734,267.7596435546875
2024-12-23,148.23802185058594,29.144773483276367,37.53847122192383,269.2505187988281
2024-12-24,148.65969848632812,29.163965225219727,37.37853240966797,271.80645751953125
2024-12-27,149.70431518554688,29.279123306274414,37.41616439819336,273.35546875
2024-12-30,148.62136840820312,29.269527435302734,37.48202133178711,274.0525207519531
2024-12-31,146.8675994873047,29.259931564331055,37.20918273925781,272.6100158691406
2025-01-02,147.1742706298828,29.24073600769043,37.59491729736328,272.2227478027344
2025-01-03,148.57345581054688,29.461458206176758,37.40675354003906,274.40106201171875
2025-01-06,149.522216796875,29.461458206176758,36.67292022705078,275.2530517578125
2025-01-07,150.56683349609375,29.24073600769043,36.40949630737305,276.5987548828125
2025-01-08,153.09689331054688,29.63419532775879,37.06806564331055,279.1449890136719
2025-01-09,152.17684936523438,29.3942813873291,36.94575500488281,278.38983154296875
2025-01-10,149.5509796142578,29.04880714416504,37.33149337768555,276.0082092285156
2025-01-13,146.39797973632812,28.885665893554688,37.246822357177734,271.0803527832031
2025-01-14,145.63131713867188,28.92405128479004,37.7830810546875,270.7318115234375
2025-01-15,144.9700469970703,28.81848907470703,37.42557144165039,267.5272521972656
2025-01-16,149.26345825195312,28.847278594970703,37.613739013671875,266.8301696777344
2025-01-17,147.49049377441406,28.741718292236328,37.67959213256836,266.2976989746094
2025-01-20,148.60220336914062,28.972034454345703,37.85834884643555,265.8233337402344
2025-01-21,149.69471740722656,28.96243667602539,38.20644760131836,264.7099609375
2025-01-22,151.18017578125,29.04880714416504,37.44438934326172,261.6409606933594
2025-01-23,151.27601623535156,28.597768783569336,36.80463409423828,261.39892578125
2025-01-24,152.04269409179688,28.751312255859375,36.98339080810547,263.3351745605469
2025-01-28,152.64645385742188,28.92405128479004,37.14332962036133,263.7999267578125
2025-01-29,152.46435546875,29.04880714416504,36.81404495239258,268.5147399902344
2025-01-30,153.9210662841797,29.279123306274414,37.14332962036133,270.8189392089844
2025-01-31,153.87313842773438,29.23114013671875,37.58551025390625,271.49664306640625
2025-02-03,151.5443572998047,28.828086853027344,36.91753387451172,266.5978088378906
2025-02-04,151.1322479248047,28.55938148498535,37.19036865234375,264.8261413574219
2025-02-05,151.96603393554688,28.377044677734375,37.75485610961914,261.72808837890625
2025-02-06,155.8665313720703,28.501802444458008,37.877159118652344,264.1774597167969
2025-02-07,155.895263671875,28.712926864624023,38.08414077758789,261.2633361816406
2025-02-10,156.04861450195312,28.78969955444336,37.71722412109375,261.72808837890625
2025-02-11,155.40650939941406,28.856876373291016,37.74544906616211,248.7742919921875
2025-02-12,159.0674285888672,29.163965225219727,37.76426696777344,248.11595153808594
2025-02-13,159.776611328125,29.039209365844727,38.5639533996582,245.90859985351562
2025-02-14,158.54991149902344,29.547826766967773,38.49809646606445,248.71620178222656
2025-02-17,158.0994873046875,29.63419532775879,38.38520050048828,250.0716094970703
2025-02-18,155.82818603515625,29.538230895996094,38.54513931274414,255.415771484375
2025-02-19,154.45794677734375,29.317508697509766,38.55454635620117,256.4129638671875
2025-02-20,151.3384552001953,29.269527435302734,37.77367401123047,250.642822265625
2025-02-21,147.45126342773438,29.461458206176758,38.81797790527344,250.42984008789062
2025-02-24,151.82435607910156,29.98927116394043,38.38520050048828,252.6855926513672
2025-02-25,149.91964721679688,30.286762237548828,37.9242057800293,254.10879516601562
2025-02-26,151.853515625,29.36549186706543,37.359710693359375,256.3839111328125
2025-02-27,151.88267517089844,29.461458206176758,37.6513671875,251.99822998046875
2025-02-28,152.3199920654297,28.79929542541504,36.729373931884766,252.26931762695312
2025-03-03,152.69898986816406,28.856876373291016,37.2562255859375,253.6537628173828
2025-03-04,153.31121826171875,28.68413734436035,37.14332962036133,256.27740478515625
2025-03-05,151.9798583984375,27.925708770751953,37.19977951049805,255.84176635742188
2025-03-06,149.25880432128906,27.702068328857422,37.66148376464844,253.6537628173828
2025-03-07,144.31236267089844,27.867366790771484,37.421478271484375,251.38827514648438
2025-03-10,143.96249389648438,27.750688552856445,37.63268280029297,249.25363159179688
2025-03-11,142.77691650390625,27.80902671813965,38.064693450927734,245.8671417236328
2025-03-12,140.71669006347656,27.40064239501953,37.39268112182617,244.3446807861328
2025-03-13,139.93923950195312,27.167280197143555,36.7110710144043,242.5099334716797
2025-03-14,138.34548950195312,27.108938217163086,37.10467529296875,244.03237915039062
2025-03-17,140.5806427001953,26.98253631591797,37.997493743896484,241.9145965576172
2025-03-18,140.13360595703125,27.36174774169922,38.035888671875,241.7291717529297
2025-03-19,138.7439422607422,27.390918731689453,37.97829055786133,244.2666015625
2025-03-20,141.8148193359375,27.371471405029297,37.56548309326172,249.17556762695312
2025-03-21,141.494140625,29.102243423461914,37.95909118652344,247.8873291015625
2025-03-24,143.46688842773438,28.616071701049805,37.74788284301758,247.2334442138672
2025-03-25,144.43869018554688,28.10072898864746,37.47908020019531,250.61993408203125
2025-03-26,145.99356079101562,28.577177047729492,37.93989181518555,246.83331298828125
2025-03-27,145.80892944335938,28.625795364379883,38.055091857910156,246.33558654785156
2025-03-28,146.1879119873047,28.956392288208008,38.103092193603516,246.63812255859375
2025-03-31,146.67381286621094,28.732751846313477,36.672664642333984,243.28091430664062
2025-04-01,148.90896606445312,29.043903350830078,37.335079193115234,245.51580810546875
2025-04-02,150.45413208007812,28.732751846313477,36.78786849975586,249.04869079589844
2025-04-03,151.96041870117188,29.277265548706055,35.530242919921875,251.47874450683594
2025-04-04,149.65725708007812,30.269054412841797,35.34783935546875,247.20416259765625
2025-04-07,140.3376922607422,30.142650604248047,33.187801361083984,236.0590057373047
2025-04-08,144.2734832763672,30.376014709472656,33.96541976928711,239.88465881347656
2025-04-09,144.93429565429688,30.29822540283203,32.79419708251953,227.99777221679688
2025-04-10,150.17230224609375,30.638545989990234,34.56062698364258,235.96139526367188
2025-04-11,150.3180694580078,30.735780715942383,34.003814697265625,227.4707794189453
2025-04-14,152.85446166992188,30.5802059173584,34.91583251953125,232.2723846435547
2025-04-15,153.58331298828125,30.03569221496582,35.0406379699707,238.2255859375
2025-04-16,154.82723999023438,30.366291046142578,34.627830505371094,236.0687713623047
2025-04-17,156.7028045654297,30.6677188873291,35.02143859863281,233.58990478515625
2025-04-22,163.262451171875,30.871910095214844,35.050235748291016,230.86703491210938
2025-04-23,159.15174865722656,30.774673461914062,36.21186065673828,233.99002075195312
2025-04-24,160.074951171875,30.65799331665039,36.538265228271484,236.0687713623047
2025-04-28,158.2576904296875,30.862186431884766,36.154258728027344,238.41099548339844
2025-04-29,158.38401794433594,30.764949798583984,36.663063049316406,239.5235595703125
2025-04-30,161.90194702148438,30.696887969970703,36.663063049316406,245.08639526367188
2025-05-01,162.5336151123047,31.05665397644043,36.31746292114258,245.0766143798828
2025-05-02,164.8756561279297,31.77618980407715,36.557464599609375,250.23931884765625
2025-05-05,162.22262573242188,31.640060424804688,36.240657806396484,250.62969970703125
2025-05-06,162.03799438476562,31.58171844482422,36.09665298461914,244.44227600097656
2025-05-07,161.27999877929688,31.601167678833008,36.41345977783203,237.1325225830078
2025-05-08,160.84266662597656,31.922040939331055,36.40385818481445,234.1461639404297
2025-05-09,162.32952880859375,32.340145111083984,36.03905487060547,233.5508575439453
2025-05-12,162.465576171875,31.86370086669922,36.86466979980469,229.481201171875
2025-05-13,161.4549102783203,30.687164306640625,37.64228057861328,234.99522399902344
2025-05-14,162.7765655517578,30.638545989990234,37.87268829345703,234.03880310058594
2025-05-15,164.95339965820312,31.066377639770508,37.62308120727539,232.6432342529297
2025-05-16,164.8756561279297,31.066377639770508,38.131893157958984,236.0004425048828
2025-05-19,166.52769470214844,30.98859214782715,37.2006721496582,235.96139526367188
2025-05-20,167.56752014160156,30.98859214782715,37.056671142578125,238.15725708007812
2025-05-21,170.04562377929688,31.15389060974121,37.10467529296875,239.30886840820312
2025-05-22,167.849365234375,31.01776123046875,37.085472106933594,240.65565490722656
2025-05-23,168.93777465820312,31.008037567138672,36.81666946411133,240.45071411132812
2025-05-26,168.97665405273438,31.008037567138672,37.027870178222656,241.10458374023438
2025-05-27,170.39547729492188,30.930248260498047,37.09507369995117,242.99789428710938
2025-05-28,168.88917541503906,30.852462768554688,36.91267013549805,241.1826629638672
2025-05-29,169.52085876464844,30.755226135253906,36.624664306640625,242.03172302246094
2025-05-30,170.98826599121094,30.96914291381836,36.72066879272461,241.0460205078125
2025-06-02,171.4450225830078,31.21222686767578,36.26945877075195,241.83653259277344
2025-06-03,173.60240173339844,31.474761962890625,36.05825424194336,239.5430908203125
2025-06-04,175.99305725097656,31.163612365722656,36.43266296386719,240.2945556640625
2025-06-05,176.2262725830078,31.114994049072266,36.46146011352539,237.11300659179688
2025-06-06,174.82687377929688,31.114994049072266,36.70146942138672,236.09803771972656
2025-06-10,176.86766052246094,31.037206649780273,36.941471099853516,238.25485229492188
2025-06-11,176.28457641601562,31.260847091674805,37.48868179321289,235.0537872314453
2025-06-12,175.43911743164062,31.27056884765625,36.80706787109375,235.2489776611328
2025-06-13,174.2924041748047,31.309465408325195,35.847049713134766,233.11167907714844
2025-06-16,174.35069274902344,30.92052459716797,35.943050384521484,233.34591674804688
2025-06-17,174.0883026123047,30.930248260498047,35.808650970458984,233.5313262939453
2025-06-18,175.09896850585938,31.01776123046875,35.3862419128418,236.14683532714844
2025-06-19,177.69369506835938,31.251121520996094,34.68543243408203,232.9652862548828
2025-06-20,177.38270568847656,30.930248260498047,34.762229919433594,234.42919921875
2025-06-23,179.15139770507812,30.54131317138672,34.21501922607422,234.9854736328125
2025-06-24,182.82481384277344,30.687164306640625,35.02143859863281,235.41488647460938
2025-06-25,186.00257873535156,30.48297119140625,34.666229248046875,232.7115478515625
2025-06-26,185.33206176757812,30.5802059173584,34.67582702636719,234.2047119140625
2025-06-27,180.13290405273438,30.278778076171875,36.02945327758789,228.70045471191406
2025-06-30,179.5401153564453,30.249610900878906,35.2806396484375,233.7167510986328
2025-07-01,177.43130493164062,30.376014709472656,35.10783767700195,232.50660705566406
2025-07-02,178.49057006835938,30.638545989990234,35.712650299072266,233.99977111816406
2025-07-03,174.622802734375,30.327396392822266,37.69988250732422,235.20016479492188
2025-07-04,172.98046875,30.512142181396484,37.18147277832031,236.91781616210938
2025-07-07,172.7958221435547,30.57048225402832,37.056671142578125,242.01219177246094
2025-07-08,174.224365234375,30.162097930908203,36.7110710144043,240.02130126953125
2025-07-09,173.85507202148438,30.00652313232422,36.3366584777832,237.84495544433594
2025-07-10,175.28363037109375,30.29822540283203,36.76866912841797,236.5762481689453
2025-07-11,174.36041259765625,30.239887237548828,37.786285400390625,235.12210083007812
2025-07-14,173.68016052246094,30.142650604248047,38.1414909362793,235.78575134277344
2025-07-15,174.69082641601562,30.463523864746094,37.81508255004883,244.62771606445312
2025-07-16,172.56259155273438,30.249610900878906,37.54628372192383,241.4949493408203
2025-07-17,175.70150756835938,30.13292694091797,37.54628372192383,242.41233825683594
2025-07-18,177.314697265625,30.638545989990234,38.67910385131836,251.1859893798828
2025-07-21,172.85411071777344,30.366291046142578,38.84230422973633,249.16578674316406
2025-07-22,167.55780029296875,30.269054412841797,39.85032272338867,257.597900390625
2025-07-23,168.4130096435547,30.385738372802734,40.17673110961914,259.1105651855469
2025-07-24,168.5782012939453,29.948183059692383,39.93672180175781,263.0728454589844
2025-07-25,167.9951171875,29.802330017089844,39.1687126159668,261.47235107421875
2025-07-28,169.96788024902344,30.03569221496582,38.68870162963867,264.0780944824219
2025-07-29,169.3750762939453,30.094036102294922,38.80390167236328,265.4541320800781
2025-07-30,171.9989471435547,30.57048225402832,38.61190414428711,264.5855407714844
2025-07-31,172.8929901123047,30.638545989990234,37.68068313598633,264.380615234375
2025-08-01,170.1233673095703,30.395462036132812,37.65188217163086,257.6954345703125
2025-08-04,169.9970245361328,30.803844451904297,38.0070915222168,258.5347595214844
2025-08-05,172.3390655517578,30.901079177856445,38.20869064331055,260.7696838378906
2025-08-06,174.03001403808594,30.871910095214844,38.30469512939453,263.1119079589844
2025-08-07,173.10679626464844,30.949695587158203,38.27589416503906,259.13983154296875
2025-08-08,171.62965393066406,30.638545989990234,38.602298736572266,254.60174560546875
2025-08-11,173.5635528564453,31.09554672241211,39.23591232299805,257.47100830078125
2025-08-12,173.75790405273438,31.24139976501465,39.61031723022461,257.9491882324219
2025-08-13,164.3508758544922,31.387248992919922,40.0615234375,263.0630798339844
2025-08-14,162.49473571777344,31.58171844482422,39.85032272338867,263.5998840332031
2025-08-15,163.4276580810547,31.45531463623047,40.28232955932617,263.86334228515625
2025-08-18,165.3907012939453,31.52337646484375,39.81192398071289,264.79052734375
2025-08-19,166.22645568847656,31.426143646240234,40.43593215942383,220.0731964111328
2025-08-20,170.1243133544922,31.834531784057617,40.080726623535156,215.42776489257812
2025-08-21,171.50582885742188,32.68046951293945,40.378334045410156,220.5611572265625
2025-08-22,170.55850219726562,32.20402145385742,40.32073211669922,211.38739013671875
2025-08-25,168.05203247070312,31.7081241607666,41.41515350341797,211.19219970703125
2025-08-26,166.84814453125,32.495723724365234,40.94474411010742,209.98204040527344
2025-08-27,167.58824157714844,27.721515655517578,41.4919548034668,210.518798828125
2025-08-28,171.06178283691406,27.556217193603516,41.290348052978516,207.58123779296875
2025-08-29,168.05203247070312,28.003494262695312,41.46315002441406,207.76666259765625
2025-09-01,166.7198486328125,27.954877853393555,40.99274444580078,205.209716796875
2025-09-02,168.20993041992188,27.510366439819336,41.13674545288086,203.35543823242188
2025-09-03,162.3779296875,26.81890296936035,40.59913635253906,201.64755249023438
2025-09-04,165.7823944091797,27.332561492919922,41.197044372558594,205.7757568359375
2025-09-05,165.92054748535156,27.253536224365234,40.833946228027344,204.21426391601562
2025-09-08,166.01922607421875,27.40170669555664,40.59842300415039,208.235107421875
2025-09-09,163.8877410888672,27.283172607421875,40.20588302612305,207.26840209960938
2025-09-10,166.3152618408203,27.589391708374023,39.70539474487305,208.2458038330078
2025-09-11,165.55543518066406,27.559755325317383,39.51893997192383,203.19094848632812
2025-09-12,167.7263946533203,27.628902435302734,40.04887008666992,205.17538452148438
2025-09-15,166.67050170898438,27.72768211364746,39.823158264160156,201.8778839111328
2025-09-16,166.1080322265625,27.50048828125,40.009613037109375,199.34059143066406
2025-09-17,165.93040466308594,27.322683334350586,39.55819320678711,198.51129150390625
2025-09-18,162.1608428955078,27.154756546020508,39.22453308105469,195.81600952148438
2025-09-19,163.97654724121094,27.046096801757812,38.90068817138672,195.8456268310547
2025-09-22,163.3844757080078,26.957197189331055,39.28341293334961,196.70457458496094
2025-09-23,164.66729736328125,26.81890296936035,39.469871520996094,197.39566040039062
2025-09-24,162.3582000732422,26.650976181030273,39.489498138427734,194.8287353515625
2025-09-25,161.57862854003906,26.47317123413086,40.892826080322266,195.47047424316406
2025-09-26,162.70358276367188,26.463293075561523,41.43257141113281,191.75831604003906
2025-09-29,166.2067108154297,26.571950912475586,41.12834930419922,196.46762084960938
2025-09-30,164.6968994140625,26.374391555786133,41.736785888671875,195.67779541015625
2025-10-01,164.85479736328125,26.147193908691406,40.69655990600586,196.27017211914062
2025-10-02,167.578369140625,26.245975494384766,41.15779113769531,203.61549377441406
2025-10-03,168.1309814453125,26.226219177246094,41.29518127441406,205.145751953125
2025-10-06,167.71652221679688,26.06817054748535,41.11853790283203,203.052734375
2025-10-07,167.10470581054688,25.890365600585938,41.17741775512695,202.7269287109375
2025-10-08,167.1836395263672,25.70268440246582,41.10872268676758,203.10211181640625
2025-10-09,165.10150146484375,25.860733032226562,42.30596923828125,204.36581420898438
2025-10-10,166.11790466308594,25.77182960510254,41.43257141113281,206.53781127929688
2025-10-13,163.00949096679688,25.67304801940918,41.10872268676758,206.0935516357422
2025-10-14,162.2299041748047,25.594024658203125,41.991939544677734,208.31491088867188
2025-10-15,164.5784912109375,25.70268440246582,42.72795104980469,213.695556640625
2025-10-16,165.88107299804688,26.186708450317383,42.95366287231445,217.48667907714844
2025-10-17,166.09817504882812,26.394145965576172,42.78683090209961,215.71946716308594
2025-10-20,170.42034912109375,26.463293075561523,42.335411071777344,214.89016723632812
2025-10-21,171.2689971923828,26.47317123413086,43.306949615478516,217.60516357421875
2025-10-22,171.85121154785156,26.42378044128418,42.698509216308594,217.8914794921875
2025-10-23,169.3940887451172,26.49292755126953,42.20783233642578,214.7815704345703
2025-10-24,168.12110900878906,26.394145965576172,42.43354797363281,209.76620483398438
2025-10-27,169.40394592285156,26.49292755126953,42.72795104980469,208.7295684814453
2025-10-28,171.72293090820312,26.6312198638916,42.531681060791016,175.5966339111328
2025-10-29,168.1507110595703,27.27329444885254,43.0714225769043,168.59686279296875
2025-10-30,168.27899169921875,28.18207359313965,43.06161117553711,177.27499389648438
2025-10-31,169.3743438720703,28.06353759765625,42.63962936401367,176.22848510742188
2025-11-03,173.2228546142578,27.875852584838867,42.561119079589844,173.15806579589844
2025-11-04,171.81173706054688,27.72768211364746,41.74660110473633,174.7377166748047
2025-11-05,174.0221710205078,27.777074813842773,41.550331115722656,174.09597778320312
2025-11-06,176.21287536621094,27.836341857910156,42.198020935058594,177.20590209960938
2025-11-07,173.58798217773438,27.954877853393555,41.854549407958984,176.75173950195312
2025-11-10,172.61105346679688,27.698049545288086,41.854549407958984,176.63328552246094
2025-11-11,161.24310302734375,27.915367126464844,41.991939544677734,175.8533172607422
2025-11-12,156.2893829345703,28.29073143005371,42.25690460205078,176.78135681152344
2025-11-13,158.0754852294922,27.836341857910156,42.52186965942383,179.61483764648438
2025-11-14,155.2236328125,27.895610809326172,41.95268630981445,179.49636840820312
2025-11-17,153.73355102539062,27.80670738220215,41.687721252441406,178.14381408691406
2025-11-18,151.19749450683594,27.63878059387207,40.13719177246094,177.78839111328125
2025-11-19,149.30284118652344,27.530122756958008,40.186256408691406,176.9393310546875
2025-11-20,150.9803924560547,27.747440338134766,40.94189453125,176.07052612304688
2025-11-21,151.0395965576172,27.73756217956543,39.61707305908203,176.5740509033203
2025-11-24,152.91452026367188,27.747440338134766,39.86240768432617,180.62185668945312
2025-11-25,151.11854553222656,27.609148025512695,40.24513626098633,179.82217407226562
2025-11-26,151.4935302734375,28.043779373168945,41.0400276184082,180.57249450683594
2025-11-27,152.2040252685547,28.053659439086914,40.961524963378906,183.81076049804688
2025-11-28,150.49685668945312,28.962438583374023,40.892826080322266,183.92922973632812
2025-12-01,149.6383514404297,28.90317153930664,41.29518127441406,181.30308532714844
2025-12-02,150.23043823242188,29.031585693359375,41.766231536865234,181.1056365966797
2025-12-03,150.04293823242188,29.061220169067383,42.15876770019531,179.98013305664062
2025-12-04,151.19749450683594,29.031585693359375,43.670047760009766,183.24801635742188
2025-12-05,152.17442321777344,29.011831283569336,44.00370407104492,181.75723266601562
2025-12-08,153.3684539794922,28.922927856445312,43.64060592651367,183.13941955566406
2025-12-09,152.4901885986328,28.962438583374023,43.47377395629883,179.50625610351562
2025-12-10,151.78958129882812,29.15999984741211,43.70930099487305,179.31866455078125
2025-12-11,150.7238311767578,29.031585693359375,44.258853912353516,176.5345458984375
2025-12-12,153.9013214111328,29.199512481689453,44.739715576171875,181.58938598632812
2025-12-15,153.03294372558594,29.07109832763672,43.4443359375,177.02818298339844
2025-12-16,153.082275390625,29.011831283569336,43.41489791870117,174.89566040039062
2025-12-17,151.82904052734375,28.83402442932129,43.58172607421875,171.1835174560547
2025-12-18,152.95399475097656,29.120487213134766,44.04296112060547,171.77589416503906
2025-12-19,155.66769409179688,28.962438583374023,43.532657623291016,172.85202026367188
2025-12-22,156.17095947265625,29.02170753479004,44.22941589355469,174.0663604736328
2025-12-23,159.59515380859375,29.02170753479004,44.72990417480469,173.4246368408203
2025-12-24,159.2596435546875,28.94268226623535,44.76915740966797,169.29782104492188
2025-12-29,158.3715362548828,28.873537063598633,44.60232925415039,171.34149169921875
2025-12-30,159.1609649658203,29.011831283569336,44.258853912353516,170.22586059570312
